<TextureAtlas imagePath="sheet.png">
	<SubTexture name="AngryCloud.png" x="0" y="0" width="155" height="84"/>
	<SubTexture name="BrokenLandPiece_Beige.png" x="0" y="474" width="113" height="48"/>
	<SubTexture name="BrokenLandPiece_Blue.png" x="0" y="215" width="113" height="48"/>
	<SubTexture name="BrokenLandPiece_Gray.png" x="0" y="167" width="113" height="48"/>
	<SubTexture name="BrokenLandPiece_Green.png" x="0" y="358" width="113" height="48"/>
	<SubTexture name="BrokenLandPiece_Multicolored.png" x="0" y="263" width="113" height="47"/>
	<SubTexture name="BrokenLandPiece_Pink.png" x="0" y="310" width="113" height="48"/>
	<SubTexture name="Bubble_Big.png" x="219" y="315" width="83" height="80"/>
	<SubTexture name="Bubble_Small.png" x="389" y="266" width="27" height="27"/>
	<SubTexture name="Bullet.png" x="407" y="515" width="9" height="9"/>
	<SubTexture name="CharacterLeft_Jump.png" x="254" y="62" width="74" height="79"/>
	<SubTexture name="CharacterLeft_Standing.png" x="293" y="395" width="73" height="79"/>
	<SubTexture name="CharacterLeft_Walk1.png" x="325" y="141" width="70" height="77"/>
	<SubTexture name="CharacterLeft_Walk2.png" x="318" y="218" width="71" height="78"/>
	<SubTexture name="CharacterRight_Jump.png" x="219" y="395" width="74" height="79"/>
	<SubTexture name="CharacterRight_Standing.png" x="302" y="315" width="73" height="79"/>
	<SubTexture name="CharacterRight_Walk1.png" x="328" y="0" width="70" height="77"/>
	<SubTexture name="CharacterRight_Walk2.png" x="254" y="141" width="71" height="77"/>
	<SubTexture name="CloudWind.png" x="442" y="434" width="58" height="84"/>
	<SubTexture name="Coin.png" x="421" y="171" width="26" height="33"/>
	<SubTexture name="HalfLandPiece_Left_Beige.png" x="366" y="394" width="68" height="46"/>
	<SubTexture name="HalfLandPiece_Left_Blue.png" x="311" y="474" width="68" height="47"/>
	<SubTexture name="HalfLandPiece_Left_Gray.png" x="328" y="77" width="68" height="46"/>
	<SubTexture name="HalfLandPiece_Left_Green.png" x="375" y="340" width="68" height="46"/>
	<SubTexture name="HalfLandPiece_Left_Multicolored.png" x="375" y="296" width="68" height="44"/>
	<SubTexture name="HalfLandPiece_Left_Pink.png" x="259" y="0" width="68" height="47"/>
	<SubTexture name="HalfLandPiece_Right_Beige.png" x="434" y="386" width="63" height="48"/>
	<SubTexture name="HalfLandPiece_Right_Blue.png" x="398" y="0" width="63" height="48"/>
	<SubTexture name="HalfLandPiece_Right_Gray.png" x="398" y="48" width="63" height="48"/>
	<SubTexture name="HalfLandPiece_Right_Green.png" x="389" y="218" width="63" height="48"/>
	<SubTexture name="HalfLandPiece_Right_Multicolored.png" x="379" y="440" width="63" height="47"/>
	<SubTexture name="HalfLandPiece_Right_Pink.png" x="395" y="123" width="63" height="48"/>
	<SubTexture name="HappyCloud.png" x="0" y="84" width="155" height="83"/>
	<SubTexture name="HearthEnemy1.png" x="0" y="406" width="113" height="68"/>
	<SubTexture name="HearthEnemy2.png" x="155" y="0" width="104" height="62"/>
	<SubTexture name="JetFire1.png" x="452" y="171" width="36" height="58"/>
	<SubTexture name="JetFire2.png" x="458" y="96" width="35" height="58"/>
	<SubTexture name="Jetpack_Big.png" x="443" y="266" width="42" height="67"/>
	<SubTexture name="Jetpack_Small.png" x="395" y="171" width="26" height="36"/>
	<SubTexture name="LandPiece_DarkBeige.png" x="113" y="219" width="106" height="52"/>
	<SubTexture name="LandPiece_DarkBlue.png" x="113" y="167" width="107" height="52"/>
	<SubTexture name="LandPiece_DarkGray.png" x="113" y="424" width="106" height="52"/>
	<SubTexture name="LandPiece_DarkGreen.png" x="113" y="323" width="106" height="52"/>
	<SubTexture name="LandPiece_DarkMulticolored.png" x="113" y="375" width="106" height="49"/>
	<SubTexture name="LandPiece_DarkPing.png" x="219" y="219" width="99" height="48"/>
	<SubTexture name="LandPiece_LightBeige.png" x="155" y="111" width="99" height="49"/>
	<SubTexture name="LandPiece_LightBlue.png" x="113" y="476" width="99" height="48"/>
	<SubTexture name="LandPiece_LightGray.png" x="155" y="62" width="99" height="49"/>
	<SubTexture name="LandPiece_LightGreen.png" x="212" y="476" width="99" height="48"/>
	<SubTexture name="LandPiece_LightMulticolored.png" x="219" y="267" width="98" height="48"/>
	<SubTexture name="LandPiece_LightPing.png" x="113" y="271" width="106" height="52"/>
	<SubTexture name="Lightning1.png" x="493" y="0" width="28" height="102"/>
	<SubTexture name="Lightning2.png" x="485" y="229" width="31" height="114"/>
	<SubTexture name="Mushroom.png" x="220" y="160" width="30" height="34"/>
	<SubTexture name="Number_0.png" x="461" y="58" width="19" height="24"/>
	<SubTexture name="Number_1.png" x="433" y="487" width="9" height="24"/>
	<SubTexture name="Number_2.png" x="396" y="96" width="23" height="22"/>
	<SubTexture name="Number_3.png" x="452" y="229" width="21" height="24"/>
	<SubTexture name="Number_4.png" x="419" y="96" width="22" height="27"/>
	<SubTexture name="Number_5.png" x="416" y="266" width="22" height="24"/>
	<SubTexture name="Number_6.png" x="461" y="26" width="20" height="32"/>
	<SubTexture name="Number_7.png" x="379" y="487" width="28" height="29"/>
	<SubTexture name="Number_8.png" x="461" y="0" width="21" height="26"/>
	<SubTexture name="Number_9.png" x="443" y="333" width="24" height="45"/>
	<SubTexture name="Number_Point.png" x="245" y="194" width="6" height="9"/>
	<SubTexture name="Pistol.png" x="220" y="194" width="25" height="22"/>
	<SubTexture name="Spring.png" x="407" y="487" width="26" height="28"/>
</TextureAtlas>