<TextureAtlas imagePath="sprites.png">
	<SubTexture name="Background_Clouds.png" x="972" y="0" width="481" height="1600"/>
	<SubTexture name="Background_Jungle.png" x="491" y="0" width="481" height="1600"/>
	<SubTexture name="ButtonExtraWide_Beighe.png" x="0" y="1395" width="221" height="69"/>
	<SubTexture name="ButtonExtraWide_BeigheDrak.png" x="0" y="1326" width="221" height="69"/>
	<SubTexture name="ButtonExtraWide_Black.png" x="0" y="1119" width="221" height="69"/>
	<SubTexture name="ButtonExtraWide_BlackDark.png" x="0" y="1188" width="221" height="69"/>
	<SubTexture name="ButtonExtraWide_Blue.png" x="0" y="1464" width="221" height="69"/>
	<SubTexture name="ButtonExtraWide_BlueDark.png" x="0" y="1257" width="221" height="69"/>
	<SubTexture name="ButtonExtraWide_Green.png" x="0" y="1050" width="221" height="69"/>
	<SubTexture name="ButtonExtraWide_GreenDark.png" x="0" y="567" width="221" height="69"/>
	<SubTexture name="ButtonExtraWide_Orange.png" x="0" y="705" width="221" height="69"/>
	<SubTexture name="ButtonExtraWide_OrangeDark.png" x="0" y="636" width="221" height="69"/>
	<SubTexture name="ButtonExtraWide_Pink.png" x="0" y="981" width="221" height="69"/>
	<SubTexture name="ButtonExtraWide_PinkDark.png" x="0" y="774" width="221" height="69"/>
	<SubTexture name="ButtonExtraWide_Red.png" x="0" y="843" width="221" height="69"/>
	<SubTexture name="ButtonExtraWide_RedDark.png" x="0" y="912" width="221" height="69"/>
	<SubTexture name="ButtonRound_Beighe.png" x="1453" y="442" width="81" height="82"/>
	<SubTexture name="ButtonRound_BeigheDark.png" x="1453" y="524" width="81" height="82"/>
	<SubTexture name="ButtonRound_Black.png" x="1453" y="606" width="81" height="82"/>
	<SubTexture name="ButtonRound_BlackDark.png" x="1453" y="278" width="81" height="82"/>
	<SubTexture name="ButtonRound_Blue.png" x="1453" y="770" width="81" height="82"/>
	<SubTexture name="ButtonRound_BlueDark.png" x="1453" y="852" width="81" height="82"/>
	<SubTexture name="ButtonRound_Green.png" x="1453" y="1098" width="81" height="82"/>
	<SubTexture name="ButtonRound_GreenDark.png" x="1453" y="1262" width="81" height="82"/>
	<SubTexture name="ButtonRound_OangeDark.png" x="1453" y="1016" width="81" height="82"/>
	<SubTexture name="ButtonRound_Orange.png" x="1453" y="934" width="81" height="82"/>
	<SubTexture name="ButtonRound_Pink.png" x="1453" y="688" width="81" height="82"/>
	<SubTexture name="ButtonRound_PinkDark.png" x="1453" y="360" width="81" height="82"/>
	<SubTexture name="ButtonRound_Red.png" x="1453" y="1180" width="81" height="82"/>
	<SubTexture name="ButtonRound_RedDark.png" x="276" y="1519" width="81" height="82"/>
	<SubTexture name="ButtonSquare_Beighe.png" x="359" y="567" width="88" height="86"/>
	<SubTexture name="ButtonSquare_BeigheDark.png" x="221" y="1347" width="88" height="86"/>
	<SubTexture name="ButtonSquare_Black.png" x="359" y="911" width="88" height="86"/>
	<SubTexture name="ButtonSquare_BlackDark.png" x="359" y="825" width="88" height="86"/>
	<SubTexture name="ButtonSquare_Blue.png" x="359" y="739" width="88" height="86"/>
	<SubTexture name="ButtonSquare_BlueDark.png" x="309" y="1433" width="88" height="86"/>
	<SubTexture name="ButtonSquare_Green.png" x="359" y="653" width="88" height="86"/>
	<SubTexture name="ButtonSquare_GreenDark.png" x="221" y="1433" width="88" height="86"/>
	<SubTexture name="ButtonSquare_Orange.png" x="359" y="997" width="88" height="86"/>
	<SubTexture name="ButtonSquare_OrangeDark.png" x="359" y="1255" width="88" height="86"/>
	<SubTexture name="ButtonSquare_Pink.png" x="359" y="1169" width="88" height="86"/>
	<SubTexture name="ButtonSquare_PinkDark.png" x="397" y="1341" width="88" height="86"/>
	<SubTexture name="ButtonSquare_Red.png" x="359" y="1083" width="88" height="86"/>
	<SubTexture name="ButtonSquare_RedDark.png" x="309" y="1347" width="88" height="86"/>
	<SubTexture name="ButtonWide_Beighe.png" x="221" y="827" width="138" height="65"/>
	<SubTexture name="ButtonWide_BeigheDark.png" x="221" y="892" width="138" height="65"/>
	<SubTexture name="ButtonWide_Black.png" x="0" y="1533" width="138" height="65"/>
	<SubTexture name="ButtonWide_BlackDark.png" x="221" y="1022" width="138" height="65"/>
	<SubTexture name="ButtonWide_Blue.png" x="221" y="567" width="138" height="65"/>
	<SubTexture name="ButtonWide_BlueDark.png" x="221" y="632" width="138" height="65"/>
	<SubTexture name="ButtonWide_Green.png" x="138" y="1533" width="138" height="65"/>
	<SubTexture name="ButtonWide_GreenDark.png" x="221" y="1282" width="138" height="65"/>
	<SubTexture name="ButtonWide_Orange.png" x="221" y="1152" width="138" height="65"/>
	<SubTexture name="ButtonWide_OrangeDark.png" x="221" y="1087" width="138" height="65"/>
	<SubTexture name="ButtonWide_Pink.png" x="221" y="1217" width="138" height="65"/>
	<SubTexture name="ButtonWide_PinkDark.png" x="221" y="957" width="138" height="65"/>
	<SubTexture name="ButtonWide_Red.png" x="221" y="762" width="138" height="65"/>
	<SubTexture name="ButtonWide_RedDark.png" x="221" y="697" width="138" height="65"/>
	<SubTexture name="Enemy_Broccoli1.png" x="1453" y="0" width="85" height="102"/>
	<SubTexture name="Enemy_Broccoli2.png" x="397" y="1427" width="85" height="98"/>
	<SubTexture name="Enemy_Candy1.png" x="1453" y="102" width="81" height="91"/>
	<SubTexture name="Enemy_Candy2.png" x="1453" y="193" width="81" height="85"/>
	<SubTexture name="Enemy_Mushroom1.png" x="1530" y="1344" width="72" height="88"/>
	<SubTexture name="Enemy_Mushroom2.png" x="1530" y="1432" width="72" height="96"/>
	<SubTexture name="Enemy_Snowman1.png" x="1453" y="1427" width="77" height="88"/>
	<SubTexture name="Enemy_Snowman2.png" x="1453" y="1344" width="77" height="83"/>
	<SubTexture name="EvenFasterIcon_Black.png" x="447" y="637" width="43" height="35"/>
	<SubTexture name="EvenFasterIcon_White.png" x="447" y="707" width="43" height="35"/>
	<SubTexture name="EvenSlower_Black.png" x="447" y="672" width="43" height="35"/>
	<SubTexture name="EvenSlower_White.png" x="447" y="742" width="43" height="35"/>
	<SubTexture name="FasterIcon_Black.png" x="447" y="949" width="34" height="35"/>
	<SubTexture name="FasterIcon_White.png" x="447" y="984" width="34" height="35"/>
	<SubTexture name="Header_Beighe.png" x="0" y="405" width="491" height="81"/>
	<SubTexture name="Header_Black.png" x="0" y="486" width="491" height="81"/>
	<SubTexture name="Header_Blue.png" x="0" y="243" width="491" height="81"/>
	<SubTexture name="Header_Green.png" x="0" y="162" width="491" height="81"/>
	<SubTexture name="Header_Orange.png" x="0" y="324" width="491" height="81"/>
	<SubTexture name="Header_Pink.png" x="0" y="81" width="491" height="81"/>
	<SubTexture name="Header_Red.png" x="0" y="0" width="491" height="81"/>
	<SubTexture name="HomeIcon_Black.png" x="447" y="1071" width="32" height="45"/>
	<SubTexture name="HomeIcon_White.png" x="447" y="1116" width="32" height="45"/>
	<SubTexture name="Letter_A.png" x="221" y="1519" width="26" height="13"/>
	<SubTexture name="Letter_B.png" x="1453" y="1543" width="21" height="27"/>
	<SubTexture name="Letter_C.png" x="1453" y="1528" width="22" height="15"/>
	<SubTexture name="Letter_D.png" x="1473" y="1570" width="20" height="21"/>
	<SubTexture name="Letter_E.png" x="247" y="1519" width="21" height="14"/>
	<SubTexture name="Letter_F.png" x="1534" y="195" width="13" height="27"/>
	<SubTexture name="Letter_G.png" x="447" y="1274" width="24" height="28"/>
	<SubTexture name="Letter_H.png" x="447" y="1302" width="23" height="27"/>
	<SubTexture name="Letter_I.png" x="479" y="1080" width="5" height="23"/>
	<SubTexture name="Letter_J.png" x="1534" y="102" width="16" height="33"/>
	<SubTexture name="Letter_K.png" x="1534" y="163" width="15" height="32"/>
	<SubTexture name="Letter_L.png" x="1534" y="135" width="15" height="28"/>
	<SubTexture name="Letter_M.png" x="447" y="1161" width="27" height="15"/>
	<SubTexture name="Letter_N.png" x="1494" y="1515" width="17" height="17"/>
	<SubTexture name="Letter_O.png" x="1512" y="1558" width="16" height="18"/>
	<SubTexture name="Letter_P.png" x="1493" y="1563" width="19" height="29"/>
	<SubTexture name="Letter_Q.png" x="1453" y="1570" width="20" height="29"/>
	<SubTexture name="Letter_R.png" x="1512" y="1576" width="16" height="21"/>
	<SubTexture name="Letter_S.png" x="1494" y="1532" width="16" height="20"/>
	<SubTexture name="Letter_T.png" x="472" y="1245" width="19" height="23"/>
	<SubTexture name="Letter_U.png" x="473" y="1201" width="18" height="15"/>
	<SubTexture name="Letter_V.png" x="1511" y="1515" width="15" height="17"/>
	<SubTexture name="Letter_W.png" x="447" y="1054" width="32" height="17"/>
	<SubTexture name="Letter_X.png" x="1528" y="1580" width="13" height="14"/>
	<SubTexture name="Letter_Y.png" x="447" y="1245" width="25" height="29"/>
	<SubTexture name="Letter_Z.png" x="474" y="1161" width="15" height="15"/>
	<SubTexture name="MenuIcon_Black.png" x="447" y="602" width="44" height="35"/>
	<SubTexture name="MenuIcon_White.png" x="447" y="567" width="44" height="35"/>
	<SubTexture name="Number_0.png" x="471" y="1274" width="20" height="26"/>
	<SubTexture name="Number_1.png" x="479" y="1054" width="11" height="26"/>
	<SubTexture name="Number_2.png" x="1510" y="1532" width="16" height="26"/>
	<SubTexture name="Number_3.png" x="473" y="1216" width="17" height="26"/>
	<SubTexture name="Number_4.png" x="473" y="1176" width="18" height="25"/>
	<SubTexture name="Number_5.png" x="1526" y="1528" width="16" height="26"/>
	<SubTexture name="Number_6.png" x="1528" y="1554" width="16" height="26"/>
	<SubTexture name="Number_7.png" x="1534" y="222" width="13" height="26"/>
	<SubTexture name="Number_8.png" x="470" y="1302" width="21" height="26"/>
	<SubTexture name="Number_9.png" x="1475" y="1528" width="19" height="35"/>
	<SubTexture name="Number_Dot.png" x="472" y="1268" width="5" height="6"/>
	<SubTexture name="PauseIcon_Black.png" x="460" y="1525" width="22" height="34"/>
	<SubTexture name="PauseIcon_White.png" x="460" y="1559" width="22" height="35"/>
	<SubTexture name="PlayIcon_Black.png" x="447" y="1176" width="26" height="34"/>
	<SubTexture name="RepeatIcon_Black.png" x="447" y="777" width="40" height="34"/>
	<SubTexture name="RepeatIcon_White.png" x="447" y="811" width="39" height="35"/>
	<SubTexture name="SettingsIcon_White.png" x="447" y="846" width="35" height="34"/>
	<SubTexture name="SettingsIcon_black.png" x="447" y="880" width="35" height="34"/>
	<SubTexture name="SlowerIcon_Black.png" x="447" y="914" width="34" height="35"/>
	<SubTexture name="SlowerIcon_White.png" x="447" y="1019" width="34" height="35"/>
	<SubTexture name="SoundOffIcon_White.png" x="357" y="1559" width="52" height="33"/>
	<SubTexture name="SoundOffIcon_black.png" x="357" y="1525" width="52" height="34"/>
	<SubTexture name="SoundOnIcon_Black.png" x="409" y="1558" width="51" height="34"/>
	<SubTexture name="SoundOnIcon_White.png" x="409" y="1525" width="51" height="33"/>
	<SubTexture name="playIcon_White.png" x="447" y="1210" width="26" height="35"/>
</TextureAtlas>